<?xml version="1.0" encoding="UTF-8"?>
<addon id="repository.myrepo"
       name="MyRepo"
       version="1.0.0"
       provider-name="MyRepo">

  <extension point="xbmc.addon.repository">
  	<info>https://cdn.jsdelivr.net/gh/vbal-code/myrepo@main/kodi/addons.xml</info>
  	<checksum>https://cdn.jsdelivr.net/gh/vbal-code/myrepo@main/kodi/addons.xml.md5</checksum>
  	<datadir zip="true">https://cdn.jsdelivr.net/gh/vbal-code/myrepo@main/kodi/repo/</datadir>
  </extension>

  <extension point="xbmc.addon.metadata">
    <summary>My Kodi Repository</summary>
    <description>Repository for context.subtitles.gr</description>
    <platform>all</platform>
  </extension>

</addon>
